"structure_id","photo_comments2","meas_diff_code","clearest_axis","binary_edge","DPen_inc","DLast_inc","VPen_inc","VLast_inc","DMIR","VMIR","abs_diff","blind_recheck","region","date_collected","nmfs_area","fish_id","specimen","species_code","length","weight","sex","specimen_sample_type","barcode","collection_type","collection_year","read_age","read_method","ageing_collection","Reader_Index","session_name","test_age","test_method","tester","update_age","update_method","final_age","final_method","readability","comment_codes","keywords","comments","timestamp","min_age","max_age","edge_type","session_id","reader_name","tester_name","tray_location","test_session_id","update_session_id","structure_type","Month","Stage","Stage.ls","Stage.same"
6029294,NA,1,"D","O",0.084,0.065,0.102,0.061,0.773809523809524,0.598039215686274,0.175770308123249,NA,"BS","2016-11-01 00:00:00",514,5840226,1024123,10210,270,210,1,NA,1024123,"fishery",2016,9,"B","B14016A",70,NA,NA,"",NA,NA,"",9,"B",1,"","",NA,NA,NA,NA,3,17033,"Julie Pearce","","5905 M 2",NA,NA,1,11,"Juvenile","Adult","different"
6030609,"very checky",3,"D","O",0.076,0.011,0.074,0.007,0.144736842105263,0.0945945945945946,0.0501422475106686,NA,"BS","2016-04-28 00:00:00",514,5779580,1034992,10210,290,260,2,NA,1034992,"fishery",2016,8,"B","B14016A",70,NA,NA,"",NA,NA,"",8,"B",1,"","",NA,NA,NA,NA,0,17033,"Julie Pearce","","5717 L 1",NA,NA,1,4,"Juvenile","Juvenile","same"
6031077,"broken; can't measure ventral side",2,"D","O",0.057,0.012,NA,NA,0.210526315789474,NA,NA,NA,"BS","2016-07-29 00:00:00",513,5801087,1111899,10210,300,340,1,NA,1111899,"fishery",2016,9,"B","B14016A",70,NA,NA,"",NA,NA,"",9,"B",1,"","",NA,NA,NA,NA,0,17033,"Julie Pearce","","5825 N 7",NA,NA,1,7,"Juvenile","Adult","different"
6032957,NA,3,"E","O",0.112,0.017,0.127,0.021,0.151785714285714,0.165354330708661,0.0135686164229471,NA,"BS","2016-10-09 00:00:00",513,5825063,1082207,10210,330,340,2,NA,1082207,"fishery",2016,13,"B","B14016A",70,NA,NA,"",NA,NA,"",13,"B",1,"","",NA,NA,NA,NA,2,17033,"Julie Pearce","","6020 L 7",NA,NA,1,10,"Adult","Adult","same"
6033173,NA,2,"D","O",0.072,0.032,0.079,0.021,0.444444444444444,0.265822784810127,0.178621659634318,NA,"BS","2016-09-21 00:00:00",514,5833615,1082495,10210,330,380,2,NA,1082495,"fishery",2016,9,"B","B14016A",70,NA,NA,"",NA,NA,"",9,"B",1,"","",NA,NA,NA,NA,2,17033,"Julie Pearce","","5877 B 9",NA,NA,1,9,"Juvenile","Adult","different"
6033342,"difficult to interpret edge",3,"V","O",0.044,0.014,0.04,0.019,0.318181818181818,0.475,0.156818181818182,NA,"BS","2016-10-02 00:00:00",513,5827297,1122202,10210,360,540,2,NA,1122202,"fishery",2016,22,"B","B14016A",70,NA,NA,"",NA,NA,"",22,"B",1,"","",NA,NA,NA,NA,0,17033,"Julie Pearce","","5895 A 0",NA,NA,1,10,"Adult","Adult","same"
6035089,"Crystallized at edge",3,"D","O",0.031,0.005,0.022,0.008,0.161290322580645,0.363636363636364,0.202346041055718,NA,"BS","2016-08-26 00:00:00",513,5822573,1079271,10210,390,700,1,NA,1079271,"fishery",2016,30,"B","B14016A",70,NA,NA,"",NA,NA,"",30,"B",2,"","",NA,NA,NA,NA,0,17033,"Julie Pearce","","6002 G 9",NA,NA,1,8,"Adult","Adult","same"
6035626,NA,1,"D","O",0.056,0.011,0.061,0.007,0.196428571428571,0.114754098360656,0.0816744730679157,NA,"BS","2016-06-16 00:00:00",509,5796001,997149,10210,260,180,2,NA,997149,"fishery",2016,9,"B","B14016A",70,NA,9,"B",6,NA,"",9,"B",1,"","",NA,NA,NA,NA,0,17033,"Julie Pearce","Delsa Anderl","5782 H 3",17669,NA,1,6,"Juvenile","Juvenile","same"
6035898,"trans zone starting to form",2,"V","T",0.083,0.076,0.094,0.083,0.91566265060241,0.882978723404255,0.0326839271981543,NA,"BS","2016-05-16 00:00:00",514,5784006,1056837,10210,280,230,2,NA,1056837,"fishery",2016,9,"B","B14016A",70,NA,NA,"",NA,NA,"",9,"B",1,"","",NA,NA,NA,NA,0,17033,"Julie Pearce","","6004 L 2",NA,NA,1,5,"Juvenile","Juvenile","same"
6036140,NA,2,"D","O",0.046,0.016,0.052,0.028,0.347826086956522,0.538461538461539,0.190635451505017,NA,"BS","2016-01-30 00:00:00",516,5759494,1096536,10210,340,420,1,NA,1096536,"fishery",2016,27,"B","B14016A",70,NA,NA,"",NA,NA,"",27,"B",2,"","",NA,NA,NA,NA,0,17033,"Julie Pearce","","5640 K 6",NA,NA,1,1,"Adult","Adult","same"
6037171,"smidge of growth on edge near tips (T near sulcus)",2,"D","O",0.091,0.007,0.085,0.009,0.0769230769230769,0.105882352941176,0.0289592760180995,"YES-changed","BS","2016-04-09 00:00:00",509,5777263,1125874,10210,260,210,2,NA,1125874,"fishery",2016,7,"B","B14016A",70,NA,NA,"",NA,NA,"",7,"B",1,"","",NA,NA,NA,NA,0,17033,"Julie Pearce","","5774 H 2",NA,NA,1,4,"Juvenile","Juvenile","same"
6039500,NA,3,"V","O",0.1,0.021,0.108,0.02,0.21,0.185185185185185,0.0248148148148148,NA,"BS","2016-08-15 00:00:00",516,5817527,1102331,10210,290,280,2,NA,1102331,"fishery",2016,8,"B","B14016A",70,NA,NA,"",NA,NA,"",8,"B",1,"","",NA,NA,NA,NA,2,17033,"Julie Pearce","","5868 E 1",NA,NA,1,8,"Juvenile","Juvenile","same"
6040818,"difficult to interpret edge",3,"D","O",0.057,0.075,NA,NA,1.31578947368421,NA,NA,"YES-didn't change","BS","2016-06-29 00:00:00",514,5781113,1115261,10210,360,560,2,NA,1115261,"fishery",2016,13,"B","B14016A",70,NA,NA,"",NA,NA,"",13,"B",2,"","",NA,NA,NA,NA,0,17033,"Julie Pearce","","6045 H 7",NA,NA,1,6,"Adult","Adult","same"
6040836,NA,2,"V","O",0.137,0.038,0.087,0.05,0.277372262773723,0.574712643678161,0.297340380904438,NA,"BS","2016-10-27 00:00:00",513,5827371,1130882,10210,330,340,2,NA,1130882,"fishery",2016,9,"B","B14016A",70,NA,NA,"",NA,NA,"",9,"B",1,"","",NA,NA,NA,NA,0,17033,"Julie Pearce","","5894 J 9",NA,NA,1,10,"Juvenile","Adult","different"
6041065,NA,3,"D","O",0.072,0.036,0.077,0.038,0.5,0.493506493506494,0.0064935064935065,NA,"BS","2016-01-25 00:00:00",516,5765678,949649,10210,280,250,2,NA,949649,"fishery",2016,15,"B","B14016A",70,NA,NA,"",NA,12,"B",12,"B",2,"","",NA,NA,NA,NA,0,17033,"Julie Pearce","","5804 L 3",NA,18075,1,1,"Adult","Juvenile","different"
6041407,"Surface not flush; difficult to interpret edge",3,"D","O",0.063,0.028,0.054,0.021,0.444444444444444,0.388888888888889,0.0555555555555556,NA,"BS","2016-03-10 00:00:00",513,5775301,1099836,10210,340,390,1,NA,1099836,"fishery",2016,12,"B","B14016A",70,NA,12,"B",6,NA,"",12,"B",1,"","",NA,NA,NA,NA,5,17033,"Julie Pearce","Delsa Anderl","5726 J 0",17669,NA,1,3,"Adult","Adult","same"
6042062,NA,2,"V","O",0.055,0.023,0.045,0.018,0.418181818181818,0.4,0.0181818181818182,NA,"BS","2016-02-14 00:00:00",509,5765109,1100588,10210,300,360,1,NA,1100588,"fishery",2016,15,"B","B14016A",70,NA,15,"B",6,NA,"",15,"B",1,"","",NA,NA,NA,NA,3,17033,"Julie Pearce","Delsa Anderl","5684 K 9",17669,NA,1,2,"Adult","Adult","same"
6042822,NA,2,"D","O",0.046,0.009,0.032,0.007,0.195652173913043,0.21875,0.0230978260869565,NA,"BS","2016-07-27 00:00:00",513,5801115,1111851,10210,320,420,2,NA,1111851,"fishery",2016,17,"B","B14016A",70,NA,NA,"",NA,NA,"",17,"B",1,"","",NA,NA,NA,NA,2,17033,"Julie Pearce","","5830 A 3",NA,NA,1,7,"Adult","Adult","same"
6043485,NA,1,"V","O",0.109,0.01,0.121,0.016,0.0917431192660551,0.132231404958678,0.0404882856926226,NA,"BS","2016-05-30 00:00:00",514,5781435,1089149,10210,210,100,2,NA,1089149,"fishery",2016,7,"B","B14016A",70,NA,NA,"",NA,NA,"",7,"B",1,"","",NA,NA,NA,NA,2,17033,"Julie Pearce","","6003 M 5",NA,NA,1,5,"Juvenile","Juvenile","same"
6043763,NA,2,"V","O",0.099,0.081,0.093,0.087,0.818181818181818,0.935483870967742,0.117302052785924,NA,"BS","2016-06-24 00:00:00",513,5804412,1103050,10210,230,130,1,NA,1103050,"fishery",2016,7,"B","B14016A",70,NA,NA,"",NA,NA,"",7,"B",1,"","",NA,NA,NA,NA,0,17033,"Julie Pearce","","5910 B 2",NA,NA,1,6,"Juvenile","Adult","different"
6047140,NA,1,"E","O",0.047,0.01,0.045,0.01,0.212765957446809,0.222222222222222,0.00945626477541373,NA,"BS","2016-09-07 00:00:00",509,5824187,1081264,10210,280,240,2,NA,1081264,"fishery",2016,8,"B","B14016A",70,NA,NA,"",NA,NA,"",8,"B",1,"","",NA,NA,NA,NA,0,17033,"Julie Pearce","","5877 J 9",NA,NA,1,9,"Juvenile","Juvenile","same"
6047463,NA,1,"E","O",0.07,0.01,0.076,0.006,0.142857142857143,0.0789473684210526,0.0639097744360902,NA,"BS","2016-05-20 00:00:00",509,5781549,1089132,10210,230,140,2,NA,1089132,"fishery",2016,7,"B","B14016A",70,NA,NA,"",NA,NA,"",7,"B",1,"","",NA,NA,NA,NA,0,17033,"Julie Pearce","","6003 K 5",NA,NA,1,5,"Juvenile","Juvenile","same"
6049863,"smidge of growth on edge near tips (T near sulcus)",1,"E","O",0.074,0.002,0.101,0.001,0.027027027027027,0.0099009900990099,0.0171260369280171,NA,"BS","2016-05-01 00:00:00",514,5776007,1125623,10210,250,180,1,NA,1125623,"fishery",2016,9,"B","B14016A",70,NA,NA,"",NA,NA,"",9,"B",1,"","",NA,NA,NA,NA,0,17033,"Julie Pearce","","5772 F 4",NA,NA,1,5,"Juvenile","Adult","different"
6051463,NA,2,"D","T",0.041,0.039,0.049,0.051,0.951219512195122,1.04081632653061,0.0895968143354902,"YES-didn't change","BS","2016-05-28 00:00:00",513,5796075,1125308,10210,340,480,2,NA,1125308,"fishery",2016,18,"B","B14016A",70,NA,NA,"",NA,NA,"",18,"B",1,"","",NA,NA,NA,NA,0,17033,"Julie Pearce","","5782 I 8",NA,NA,1,5,"Adult","Adult","same"
6055355,NA,2,"V","O",0.036,0.009,0.034,0.012,0.25,0.352941176470588,0.102941176470588,NA,"BS","2016-09-28 00:00:00",513,5837633,1125171,10210,300,240,1,NA,1125171,"fishery",2016,14,"B","B14016A",70,NA,NA,"",NA,NA,"",14,"B",1,"","",NA,NA,NA,NA,3,17033,"Julie Pearce","","5923 F 2",NA,NA,1,9,"Adult","Adult","same"
6057839,NA,2,"E","O",0.069,0.036,0.055,0.025,0.521739130434782,0.454545454545455,0.0671936758893279,NA,"BS","2016-10-17 00:00:00",513,5824210,1104476,10210,310,300,2,NA,1104476,"fishery",2016,11,"B","B14016A",70,NA,NA,"",NA,NA,"",11,"B",1,"","",NA,NA,NA,NA,0,17033,"Julie Pearce","","5877 D 7",NA,NA,1,10,"Adult","Adult","same"
6057899,NA,1,"E","T",0.086,0.078,0.093,0.089,0.906976744186047,0.956989247311828,0.0500125031257813,NA,"BS","2016-04-03 00:00:00",514,5779923,1052027,10210,280,230,1,NA,1052027,"fishery",2016,8,"B","B14016A",70,NA,8,"B",6,NA,"",8,"B",1,"","",NA,NA,NA,NA,0,17033,"Julie Pearce","Delsa Anderl","5734 N 1",17669,NA,1,4,"Juvenile","Adult","different"
6059372,"trans zone starting to form",2,"D","T",0.052,0.048,0.036,0.032,0.923076923076923,0.888888888888889,0.0341880341880342,NA,"BS","2016-05-13 00:00:00",514,5776198,925400,10210,340,460,1,NA,925400,"fishery",2016,20,"B","B14016A",70,NA,NA,"",NA,NA,"",20,"B",1,"","",NA,NA,NA,NA,0,17033,"Julie Pearce","","5773 G 5",NA,NA,1,5,"Adult","Adult","same"
6060474,NA,2,"D","O",0.034,0.019,0.025,0.016,0.558823529411765,0.64,0.0811764705882354,NA,"BS","2016-02-06 00:00:00",513,5772117,1091946,10210,320,480,1,NA,1091946,"fishery",2016,13,"B","B14016A",70,NA,NA,"",NA,NA,"",13,"B",1,"","",NA,NA,NA,NA,3,17033,"Julie Pearce","","5715 I 8",NA,NA,1,2,"Adult","Adult","same"
6060655,"smidge of growth on edge near tips (T near sulcus)",2,"E","O",0.069,0.005,0.082,0.006,0.072463768115942,0.0731707317073171,0.000706963591375051,NA,"BS","2016-06-03 00:00:00",509,5777339,1018002,10210,230,160,2,NA,1018002,"fishery",2016,7,"B","B14016A",70,NA,7,"B",6,NA,"",7,"B",1,"","",NA,NA,NA,NA,0,17033,"Julie Pearce","Delsa Anderl","5774 G 9",17669,NA,1,6,"Juvenile","Juvenile","same"
6061554,NA,2,"E","O",0.049,0.027,0.044,0.017,0.551020408163265,0.386363636363636,0.164656771799629,NA,"BS","2016-11-13 00:00:00",513,5844638,1067096,10210,300,270,1,NA,1067096,"fishery",2016,19,"B","B14016A",70,NA,NA,"",NA,NA,"",19,"B",2,"","",NA,NA,NA,NA,0,17033,"Julie Pearce","","5955 I 8",NA,NA,1,11,"Adult","Adult","same"
6061582,NA,2,"D","O",0.038,0.02,0.051,0.041,0.526315789473684,0.803921568627451,0.277605779153767,NA,"BS","2016-04-14 00:00:00",514,5778189,1022575,10210,330,400,2,NA,1022575,"fishery",2016,13,"B","B14016A",70,NA,NA,"",NA,NA,"",13,"B",1,"","",NA,NA,NA,NA,0,17033,"Julie Pearce","","5752 K 4",NA,NA,1,4,"Adult","Adult","same"
6064430,NA,2,"E","O",0.041,0.039,0.039,0.034,0.951219512195122,0.871794871794872,0.0794246404002501,NA,"BS","2016-09-13 00:00:00",513,5822976,1122827,10210,320,380,2,NA,1122827,"fishery",2016,17,"B","B14016A",70,NA,NA,"",NA,NA,"",17,"B",2,"","",NA,NA,NA,NA,3,17033,"Julie Pearce","","5939 D 4",NA,NA,1,9,"Adult","Adult","same"
6064693,"Surface not flush",2,"D","O",0.033,0.02,0.037,0.02,0.606060606060606,0.540540540540541,0.0655200655200655,NA,"BS","2016-03-08 00:00:00",509,5773110,1016184,10210,310,350,2,NA,1016184,"fishery",2016,25,"B","B14016A",70,NA,25,"B",6,25,"B",25,"B",1,"N","",NA,NA,NA,NA,0,17033,"Julie Pearce","Delsa Anderl","5777 E 3",17669,18075,1,3,"Adult","Adult","same"
6065335,NA,3,"D","O",0.045,0.011,0.05,0.01,0.244444444444444,0.2,0.0444444444444445,NA,"BS","2016-02-05 00:00:00",513,5759573,1096759,10210,350,450,2,NA,1096759,"fishery",2016,18,"B","B14016A",70,NA,18,"B",6,NA,"",18,"B",1,"","",NA,NA,NA,NA,0,17033,"Julie Pearce","Delsa Anderl","5715 D 0",17669,NA,1,2,"Adult","Adult","same"
6066319,NA,2,"D","O",0.091,0.049,0.095,0.076,0.538461538461539,0.8,0.261538461538461,NA,"BS","2016-02-11 00:00:00",513,5760862,1099417,10210,260,190,1,NA,1099417,"fishery",2016,8,"B","B14016A",70,NA,NA,"",NA,NA,"",8,"B",1,"","",NA,NA,NA,NA,0,17033,"Julie Pearce","","5684 A 8",NA,NA,1,2,"Juvenile","Adult","different"
6066942,"smidge of growth on edge near tips (T near sulcus)",2,"V","O",0.068,0.006,0.079,0.007,0.0882352941176471,0.0886075949367089,0.00037230081906181,NA,"BS","2016-06-07 00:00:00",514,5797041,987480,10210,320,400,2,NA,987480,"fishery",2016,9,"B","B14016A",70,NA,NA,"",NA,NA,"",9,"B",1,"","",NA,NA,NA,NA,0,17033,"Julie Pearce","","5911 N 2",NA,NA,1,6,"Juvenile","Adult","different"
6067559,NA,2,"D","O",0.13,0.034,0.148,0.052,0.261538461538462,0.351351351351351,0.0898128898128898,NA,"BS","2016-11-23 00:00:00",513,5844472,1088025,10210,320,340,1,NA,1088025,"fishery",2016,9,"B","B14016A",70,NA,NA,"",NA,NA,"",9,"B",1,"","",NA,NA,NA,NA,3,17033,"Julie Pearce","","6021 K 6",NA,NA,1,11,"Juvenile","Adult","different"
6068690,NA,3,"V","O",0.049,0.012,0.046,0.017,0.244897959183673,0.369565217391304,0.124667258207631,NA,"BS","2016-07-03 00:00:00",513,5809498,1122657,10210,330,460,2,NA,1122657,"fishery",2016,18,"B","B14016A",70,NA,NA,"",NA,NA,"",18,"B",1,"","",NA,NA,NA,NA,2,17033,"Julie Pearce","","5894 F 6",NA,NA,1,7,"Adult","Adult","same"
6069744,"broken; smidge of growth on edge near tips (T near sulcus)",3,"E","O",0.025,0.003,0.041,0.006,0.12,0.146341463414634,0.0263414634146341,NA,"BS","2016-01-22 00:00:00",516,5761590,1093336,10210,340,400,1,NA,1093336,"fishery",2016,17,"B","B14016A",70,NA,NA,"",NA,NA,"",17,"B",2,"","",NA,NA,NA,NA,0,17033,"Julie Pearce","","5682 D 0",NA,NA,1,1,"Adult","Adult","same"
6072462,"smidge of growth on edge near tips (T near sulcus)",2,"V","O",0.091,0.009,0.083,0.017,0.0989010989010989,0.204819277108434,0.105918178207335,NA,"BS","2016-04-25 00:00:00",514,5777500,1049215,10210,280,240,1,NA,1049215,"fishery",2016,8,"B","B14016A",70,NA,NA,"",NA,NA,"",8,"B",1,"","",NA,NA,NA,NA,3,17033,"Julie Pearce","","5946 L 1",NA,NA,1,4,"Juvenile","Adult","different"
6074515,"might be translucent starting on edge? hard to tell",1,"D","O",0.075,0.065,0.057,0.048,0.866666666666667,0.842105263157895,0.024561403508772,NA,"BS","2016-05-11 00:00:00",514,5787425,1096124,10210,270,190,1,NA,1096124,"fishery",2016,11,"B","B14016A",70,NA,NA,"",NA,NA,"",11,"B",1,"","",NA,NA,NA,NA,0,17033,"Julie Pearce","","5804 J 0",NA,NA,1,5,"Adult","Adult","same"
6075568,NA,2,"V","O",0.082,0.016,0.074,0.009,0.195121951219512,0.121621621621622,0.0735003295978906,NA,"BS","2016-01-28 00:00:00",516,5761623,1093378,10210,250,160,2,NA,1093378,"fishery",2016,8,"B","B14016A",70,NA,NA,"",NA,NA,"",8,"B",1,"","",NA,NA,NA,NA,0,17033,"Julie Pearce","","5682 J 5",NA,NA,1,1,"Juvenile","Juvenile","same"
6076531,"Surface not flush; smidge of growth on edge near tips (T near sulcus)",3,"V","O",0.037,0.004,0.028,0.003,0.108108108108108,0.107142857142857,0.000965250965250977,NA,"BS","2016-10-23 00:00:00",513,5843962,1117696,10210,300,270,1,NA,1117696,"fishery",2016,12,"B","B14016A",70,NA,NA,"",NA,NA,"",12,"B",1,"","",NA,NA,NA,NA,0,17033,"Julie Pearce","","5957 E 1",NA,NA,1,10,"Adult","Adult","same"
6076803,NA,2,"V","T",0.04,0.035,0.045,0.037,0.875,0.822222222222222,0.0527777777777779,NA,"BS","2016-05-07 00:00:00",514,5781401,1089176,10210,310,280,1,NA,1089176,"fishery",2016,17,"B","B14016A",70,NA,NA,"",NA,NA,"",17,"B",2,"","",NA,NA,NA,NA,5,17033,"Julie Pearce","","6003 I 9",NA,NA,1,5,"Adult","Adult","same"
6076927,NA,2,"D","T",0.052,0.045,0.04,0.032,0.865384615384615,0.8,0.0653846153846154,NA,"BS","2016-05-10 00:00:00",514,5776103,925374,10210,330,380,1,NA,925374,"fishery",2016,21,"B","B14016A",70,NA,NA,"",NA,NA,"",21,"B",1,"","",NA,NA,NA,NA,0,17033,"Julie Pearce","","5773 J 9",NA,NA,1,5,"Adult","Adult","same"
6078038,NA,3,"D","O",0.032,0.012,0.037,0.015,0.375,0.405405405405405,0.0304054054054054,NA,"BS","2016-01-31 00:00:00",513,5760825,1026844,10210,340,460,2,NA,1026844,"fishery",2016,13,"B","B14016A",70,NA,NA,"",NA,NA,"",13,"B",1,"","",NA,NA,NA,NA,0,17033,"Julie Pearce","","5684 C 7",NA,NA,1,1,"Adult","Adult","same"
6079197,"translucent starting on edge, hard to interpret edge from photo",2,"D","T",0.033,0.032,0.031,0.028,0.96969696969697,0.903225806451613,0.0664711632453568,"YES-changed","BS","2016-04-12 00:00:00",514,5776171,1024985,10210,340,460,1,NA,1024985,"fishery",2016,21,"B","B14016A",70,NA,22,"B",6,NA,"",21,"B",1,"","",NA,NA,NA,NA,0,17033,"Julie Pearce","Delsa Anderl","5772 D 0",17669,NA,1,4,"Adult","Adult","same"
6079664,"difficult to interpret edge",3,"V","O",0.041,0.005,0.04,0.011,0.121951219512195,0.275,0.153048780487805,NA,"BS","2016-11-13 00:00:00",513,5827208,1083676,10210,340,400,2,NA,1083676,"fishery",2016,21,"B","B14016A",70,NA,20,"B",6,20,"B",20,"B",1,"","",NA,NA,NA,NA,2,17033,"Julie Pearce","Delsa Anderl","5904 E 6",17669,18075,1,11,"Adult","Adult","same"
6079950,"difficult to interpret edge",3,"D","T",0.021,0.019,0.027,0.031,0.904761904761905,1.14814814814815,0.243386243386243,"YES-didn't change","BS","2016-11-25 00:00:00",509,5839704,982731,10210,400,610,2,NA,982731,"fishery",2016,29,"B","B14016A",70,NA,NA,"",NA,NA,"",29,"B",2,"","",NA,NA,NA,NA,0,17033,"Julie Pearce","","5973 G 4",NA,NA,1,11,"Adult","Adult","same"
6080010,"Edge difficult to interpret",3,"D","O",0.036,0.016,0.024,0.012,0.444444444444444,0.5,0.0555555555555555,NA,"BS","2016-03-13 00:00:00",516,5767014,994886,10210,370,560,2,NA,994886,"fishery",2016,24,"B","B14016A",70,NA,NA,"",NA,NA,"",24,"B",2,"","",NA,NA,NA,NA,0,17033,"Julie Pearce","","5701 C 2",NA,NA,1,3,"Adult","Adult","same"
6080474,"Boundaries hard to determine",3,"E","O",0.073,0.058,0.079,0.071,0.794520547945206,0.89873417721519,0.104213629269984,NA,"BS","2016-09-16 00:00:00",514,5835921,1075609,10210,300,330,2,NA,1075609,"fishery",2016,7,"B","B14016A",70,NA,NA,"",NA,NA,"",7,"B",1,"","",NA,NA,NA,NA,3,17033,"Julie Pearce","","5926 K 4",NA,NA,1,9,"Juvenile","Adult","different"
6083890,"might be translucent starting on edge? hard to tell",2,"D","O",0.054,0.044,0.051,0.04,0.814814814814815,0.784313725490196,0.0305010893246186,NA,"BS","2016-04-04 00:00:00",514,5777671,1019422,10210,320,330,1,NA,1019422,"fishery",2016,16,"B","B14016A",70,NA,NA,"",NA,NA,"",16,"B",1,"","",NA,NA,NA,NA,0,17033,"Julie Pearce","","5946 J 9",NA,NA,1,4,"Adult","Adult","same"
6084581,NA,2,"V","T",0.037,0.03,0.051,0.048,0.810810810810811,0.941176470588235,0.130365659777425,NA,"BS","2016-05-15 00:00:00",514,5786488,988531,10210,330,400,1,NA,988531,"fishery",2016,14,"B","B14016A",70,NA,NA,"",NA,NA,"",14,"B",1,"","",NA,NA,NA,NA,5,17033,"Julie Pearce","","5753 H 4",NA,NA,1,5,"Adult","Adult","same"
6086269,"checky",2,"V","O",0.096,0.037,0.057,0.026,0.385416666666667,0.456140350877193,0.0707236842105263,NA,"BS","2016-10-11 00:00:00",513,5840435,1073530,10210,290,280,2,NA,1073530,"fishery",2016,8,"B","B14016A",70,NA,8,"B",6,NA,"",8,"B",1,"","",NA,NA,NA,NA,3,17033,"Julie Pearce","Delsa Anderl","5933 C 3",17669,NA,1,10,"Juvenile","Juvenile","same"
6088287,"checky",3,"V","O",0.045,0.037,0.053,0.048,0.822222222222222,0.905660377358491,0.0834381551362684,NA,"BS","2016-03-06 00:00:00",509,5775294,1099885,10210,350,470,2,NA,1099885,"fishery",2016,12,"B","B14016A",70,NA,NA,"",NA,NA,"",12,"B",1,"","",NA,NA,NA,NA,0,17033,"Julie Pearce","","5726 M 8",NA,NA,1,3,"Adult","Adult","same"
6092211,"smidge of growth on edge near tips (T near sulcus)",2,"E","O",0.052,0.007,0.068,0.009,0.134615384615385,0.132352941176471,0.00226244343891407,NA,"BS","2016-05-24 00:00:00",514,5787535,1125559,10210,280,280,2,NA,1125559,"fishery",2016,9,"B","B14016A",70,NA,NA,"",NA,NA,"",9,"B",1,"","",NA,NA,NA,NA,0,17033,"Julie Pearce","","5804 F 1",NA,NA,1,5,"Juvenile","Juvenile","same"
6093079,"difficult to interpret edge",3,"V","O",0.033,0.019,0.035,0.027,0.575757575757576,0.771428571428571,0.195670995670996,NA,"BS","2016-03-29 00:00:00",514,5760451,996477,10210,340,480,2,NA,996477,"fishery",2016,21,"B","B14016A",70,NA,NA,"",NA,NA,"",21,"B",1,"","",NA,NA,NA,NA,0,17033,"Julie Pearce","","5684 G 2",NA,NA,1,3,"Adult","Adult","same"
6093118,NA,2,"E","O",0.061,0.036,0.068,0.035,0.590163934426229,0.514705882352941,0.0754580520732883,NA,"BS","2016-09-24 00:00:00",514,5827022,1075093,10210,290,280,1,NA,1075093,"fishery",2016,9,"B","B14016A",70,NA,8,"B",6,8,"B",8,"B",1,"","",NA,NA,NA,NA,2,17033,"Julie Pearce","Delsa Anderl","5904 N 2",17669,18075,1,9,"Juvenile","Adult","different"
6093333,NA,2,"E","O",0.032,0.027,0.042,0.024,0.84375,0.571428571428571,0.272321428571429,NA,"BS","2016-04-25 00:00:00",514,5775077,1085156,10210,310,330,1,NA,1085156,"fishery",2016,11,"B","B14016A",70,NA,NA,"",NA,NA,"",11,"B",1,"","",NA,NA,NA,NA,5,17033,"Julie Pearce","","5725 G 8",NA,NA,1,4,"Adult","Adult","same"
6093435,NA,2,"V","T",0.08,0.049,0.086,0.043,0.6125,0.5,0.1125,NA,"BS","2016-01-26 00:00:00",516,5770632,1101866,10210,310,300,2,NA,1101866,"fishery",2016,9,"B","B14016A",70,NA,NA,"",NA,NA,"",9,"B",1,"","",NA,NA,NA,NA,5,17033,"Julie Pearce","","5702 H 1",NA,NA,1,1,"Juvenile","Adult","different"
6098295,"might be translucent starting on edge? hard to tell",2,"V","O",0.062,0.058,0.074,0.093,0.935483870967742,1.25675675675676,0.321272885789015,"YES-didn't change","BS","2016-02-22 00:00:00",516,5772732,1092782,10210,330,360,2,NA,1092782,"fishery",2016,8,"B","B14016A",70,NA,NA,"",NA,NA,"",8,"B",1,"","",NA,NA,NA,NA,0,17033,"Julie Pearce","","5702 D 7",NA,NA,1,2,"Juvenile","Adult","different"
6098431,NA,2,"E","O",0.093,0.038,0.087,0.024,0.408602150537634,0.275862068965517,0.132740081572117,NA,"BS","2016-11-07 00:00:00",509,5827569,1077000,10210,250,160,1,NA,1077000,"fishery",2016,7,"B","B14016A",70,NA,NA,"",NA,NA,"",7,"B",1,"","",NA,NA,NA,NA,3,17033,"Julie Pearce","","5895 N 3",NA,NA,1,11,"Juvenile","Adult","different"
6098627,NA,2,"V","O",0.125,0.034,0.111,0.017,0.272,0.153153153153153,0.118846846846847,NA,"BS","2016-09-11 00:00:00",513,5825001,1074002,10210,290,240,2,NA,1074002,"fishery",2016,7,"B","B14016A",70,NA,NA,"",NA,NA,"",7,"B",1,"","",NA,NA,NA,NA,2,17033,"Julie Pearce","","6019 M 9",NA,NA,1,9,"Juvenile","Juvenile","same"
6098953,NA,2,"D","T",0.037,0.019,0.045,0.028,0.513513513513513,0.622222222222222,0.108708708708709,NA,"BS","2016-06-05 00:00:00",513,5780077,1086671,10210,330,420,2,NA,1086671,"fishery",2016,17,"B","B14016A",70,NA,NA,"",NA,NA,"",17,"B",1,"","",NA,NA,NA,NA,5,17033,"Julie Pearce","","5734 H 6",NA,NA,1,6,"Adult","Adult","same"
6099658,NA,3,"D","O",0.058,0.023,0.054,0.013,0.396551724137931,0.240740740740741,0.15581098339719,NA,"BS","2016-09-16 00:00:00",514,5822593,1077569,10210,330,380,1,NA,1077569,"fishery",2016,11,"B","B14016A",70,NA,NA,"",NA,NA,"",11,"B",1,"","",NA,NA,NA,NA,2,17033,"Julie Pearce","","6002 E 5",NA,NA,1,9,"Adult","Adult","same"
6100176,NA,2,"D","O",0.04,0.018,0.035,0.017,0.45,0.485714285714286,0.0357142857142858,NA,"BS","2016-10-22 00:00:00",513,5843928,1117669,10210,350,450,2,NA,1117669,"fishery",2016,22,"B","B14016A",70,NA,NA,"",NA,NA,"",22,"B",1,"","",NA,NA,NA,NA,3,17033,"Julie Pearce","","5957 B 6",NA,NA,1,10,"Adult","Adult","same"
6101941,"might be translucent starting on edge? hard to tell",2,"V","O",0.07,0.068,0.07,0.065,0.971428571428571,0.928571428571428,0.0428571428571429,NA,"BS","2016-05-21 00:00:00",509,5781785,1089352,10210,310,320,1,NA,1089352,"fishery",2016,13,"B","B14016A",70,NA,NA,"",NA,NA,"",13,"B",1,"","",NA,NA,NA,NA,0,17033,"Julie Pearce","","5761 I 3",NA,NA,1,5,"Adult","Adult","same"
6102596,NA,2,"V","O",0.067,0.038,0.04,0.018,0.567164179104478,0.45,0.117164179104478,NA,"BS","2016-09-15 00:00:00",513,5824118,1092556,10210,280,240,2,NA,1092556,"fishery",2016,8,"B","B14016A",70,NA,NA,"",NA,NA,"",8,"B",1,"","",NA,NA,NA,NA,2,17033,"Julie Pearce","","5877 F 2",NA,NA,1,9,"Juvenile","Juvenile","same"
6103957,"smidge of growth on edge near tips (T near sulcus)",1,"E","O",0.052,0.009,0.062,0.007,0.173076923076923,0.112903225806452,0.0601736972704715,NA,"BS","2016-07-20 00:00:00",513,5806983,1033221,10210,340,420,2,NA,1033221,"fishery",2016,11,"B","B14016A",70,NA,NA,"",NA,NA,"",11,"B",1,"","",NA,NA,NA,NA,0,17033,"Julie Pearce","","6019 B 2",NA,NA,1,7,"Adult","Adult","same"
6105155,NA,1,"E","O",0.06,0.046,0.053,0.033,0.766666666666667,0.622641509433962,0.144025157232704,NA,"BS","2016-03-29 00:00:00",514,5770568,570117,10210,280,220,2,NA,570117,"fishery",2016,9,"B","B14016A",70,NA,NA,"",NA,NA,"",9,"B",1,"","",NA,NA,NA,NA,0,17033,"Julie Pearce","","5717 B 4",NA,NA,1,3,"Juvenile","Juvenile","same"
6108507,NA,2,"V","O",0.069,0.018,0.099,0.029,0.260869565217391,0.292929292929293,0.0320597277119017,NA,"BS","2016-05-23 00:00:00",509,5778362,1016077,10210,240,140,2,NA,1016077,"fishery",2016,8,"B","B14016A",70,NA,NA,"",NA,NA,"",8,"B",1,"","",NA,NA,NA,NA,3,17033,"Julie Pearce","","5752 L 2",NA,NA,1,5,"Juvenile","Juvenile","same"
6108957,"age looks wrong. Big check near edge",2,"D","O",0.135,0.03,0.11,0.034,0.222222222222222,0.309090909090909,0.0868686868686869,NA,"BS","2016-11-15 00:00:00",513,5827233,1089086,10210,270,200,1,NA,1089086,"fishery",2016,9,"B","B14016A",70,NA,NA,"",NA,NA,"",9,"B",1,"","",NA,NA,NA,NA,0,17033,"Julie Pearce","","5904 E 2",NA,NA,1,11,"Juvenile","Adult","different"
6109687,"can't measure dorsal side",2,"V","T",NA,NA,0.057,0.051,NA,0.894736842105263,NA,NA,"BS","2016-03-20 00:00:00",509,5760457,996450,10210,330,360,2,NA,996450,"fishery",2016,17,"B","B14016A",70,NA,NA,"",NA,NA,"",17,"B",1,"","",NA,NA,NA,NA,0,17033,"Julie Pearce","","5684 I 5",NA,NA,1,3,"Adult","Adult","same"
6111690,"difficult to interpret edge",2,"D","O",0.032,0.006,0.025,0.009,0.1875,0.36,0.1725,NA,"BS","2016-09-12 00:00:00",513,5832588,1071483,10210,370,590,2,NA,1071483,"fishery",2016,22,"B","B14016A",70,NA,20,"B",6,20,"B",20,"B",2,"","",NA,NA,NA,NA,0,17033,"Julie Pearce","Delsa Anderl","5938 I 7",17669,18075,1,9,"Adult","Adult","same"
6112066,"shadow on edge",2,"E","O",0.039,0.028,0.043,0.033,0.717948717948718,0.767441860465116,0.0494931425163985,NA,"BS","2016-01-20 00:00:00",516,5761241,1028918,10210,350,420,2,NA,1028918,"fishery",2016,17,"B","B14016A",70,NA,NA,"",NA,NA,"",17,"B",2,"","",NA,NA,NA,NA,0,17033,"Julie Pearce","","5654 G 5",NA,NA,1,1,"Adult","Adult","same"
6113059,"smidge of growth on edge near tips (T near sulcus)",1,"D","O",0.076,0.005,0.086,0.006,0.0657894736842105,0.0697674418604651,0.00397796817625461,NA,"BS","2016-06-02 00:00:00",514,5780540,1086286,10210,230,140,2,NA,1086286,"fishery",2016,8,"B","B14016A",70,NA,NA,"",NA,NA,"",8,"B",1,"","",NA,NA,NA,NA,0,17033,"Julie Pearce","","5772 A 3",NA,NA,1,6,"Juvenile","Juvenile","same"
6114250,"check in last year? difficult to interpret edge",3,"D","O",0.129,0.026,0.134,0.047,0.201550387596899,0.350746268656716,0.149195881059817,NA,"BS","2016-11-08 00:00:00",513,5844735,1067038,10210,330,350,2,NA,1067038,"fishery",2016,10,"B","B14016A",70,NA,NA,"",NA,NA,"",10,"B",1,"","",NA,NA,NA,NA,0,17033,"Julie Pearce","","5955 J 4",NA,NA,1,11,"Adult","Adult","same"
6115804,NA,2,"D","O",0.039,0.005,0.044,0.006,0.128205128205128,0.136363636363636,0.00815850815850816,NA,"BS","2016-06-13 00:00:00",514,5781019,1059900,10210,360,660,2,NA,1059900,"fishery",2016,20,"B","B14016A",70,NA,20,"B",6,NA,"",20,"B",2,"","",NA,NA,NA,NA,5,17033,"Julie Pearce","Delsa Anderl","6045 J 2",17669,NA,1,6,"Adult","Adult","same"
6115902,NA,2,"D","O",0.054,0.021,0.04,0.01,0.388888888888889,0.25,0.138888888888889,NA,"BS","2016-08-01 00:00:00",514,5796073,1109608,10210,380,540,2,NA,1109608,"fishery",2016,15,"B","B14016A",70,NA,NA,"",NA,NA,"",15,"B",1,"","",NA,NA,NA,NA,0,17033,"Julie Pearce","","5818 D 4",NA,NA,1,8,"Adult","Adult","same"
6117137,NA,2,"D","O",0.037,0.015,0.038,0.017,0.405405405405405,0.447368421052632,0.0419630156472262,NA,"BS","2016-09-26 00:00:00",514,5824436,1106164,10210,330,380,1,NA,1106164,"fishery",2016,16,"B","B14016A",70,NA,17,"B",6,17,"B",17,"B",2,"","",NA,NA,NA,NA,5,17033,"Julie Pearce","Delsa Anderl","6003 A 7",17669,18075,1,9,"Adult","Adult","same"
6117195,NA,1,"D","O",0.036,0.015,0.027,0.012,0.416666666666667,0.444444444444444,0.0277777777777778,NA,"BS","2016-08-29 00:00:00",513,5822465,1079214,10210,380,590,2,NA,1079214,"fishery",2016,20,"B","B14016A",70,NA,NA,"",NA,NA,"",20,"B",1,"","",NA,NA,NA,NA,0,17033,"Julie Pearce","","5978 K 6",NA,NA,1,8,"Adult","Adult","same"
6119273,"smidge of growth on edge near tips (T near sulcus)",2,"D","O",0.065,0.007,0.081,0.005,0.107692307692308,0.0617283950617284,0.0459639126305793,"YES-changed","BS","2016-05-12 00:00:00",509,5777305,1058384,10210,250,160,1,NA,1058384,"fishery",2016,9,"B","B14016A",70,NA,NA,"",NA,NA,"",9,"B",1,"","",NA,NA,NA,NA,0,17033,"Julie Pearce","","5782 B 3",NA,NA,1,5,"Juvenile","Adult","different"
6120211,"might be translucent starting on edge? hard to tell",3,"E","O",0.045,0.023,0.039,0.026,0.511111111111111,0.666666666666667,0.155555555555556,NA,"BS","2016-04-07 00:00:00",514,5778253,993996,10210,350,420,2,NA,993996,"fishery",2016,17,"B","B14016A",70,NA,NA,"",NA,NA,"",17,"B",2,"","",NA,NA,NA,NA,5,17033,"Julie Pearce","","5753 F 1",NA,NA,1,4,"Adult","Adult","same"
6126013,NA,1,"D","O",0.049,0.042,0.049,0.049,0.857142857142857,1,0.142857142857143,NA,"BS","2016-04-21 00:00:00",514,5774322,1097444,10210,360,470,1,NA,1097444,"fishery",2016,17,"B","B14016A",70,NA,18,"B",6,17,"B",17,"B",1,"","",NA,NA,NA,NA,0,17033,"Julie Pearce","Delsa Anderl","5734 B 2",17669,18075,1,4,"Adult","Adult","same"
6126907,"difficult to interpret edge",3,"V","O",0.041,0.018,0.026,0.01,0.439024390243902,0.384615384615385,0.0544090056285177,NA,"BS","2016-07-22 00:00:00",514,5804384,1131047,10210,350,540,2,NA,1131047,"fishery",2016,17,"B","B14016A",70,NA,NA,"",NA,NA,"",17,"B",1,"","",NA,NA,NA,NA,2,17033,"Julie Pearce","","5911 E 1",NA,NA,1,7,"Adult","Adult","same"
6128928,NA,1,"E","O",0.058,0.039,0.059,0.033,0.672413793103448,0.559322033898305,0.113091759205143,NA,"BS","2016-09-10 00:00:00",514,5822495,1077570,10210,310,400,2,NA,1077570,"fishery",2016,8,"B","B14016A",70,NA,8,"B",6,NA,"",8,"B",1,"","",NA,NA,NA,NA,2,17033,"Julie Pearce","Delsa Anderl","5978 N 2",17669,NA,1,9,"Juvenile","Adult","different"
6131007,NA,1,"E","O",0.083,0.06,0.092,0.061,0.72289156626506,0.66304347826087,0.0598480880041906,NA,"BS","2016-03-17 00:00:00",509,5768202,1090271,10210,270,230,2,NA,1090271,"fishery",2016,8,"B","B14016A",70,NA,NA,"",NA,NA,"",8,"B",1,"","",NA,NA,NA,NA,0,17033,"Julie Pearce","","5698 D 2",NA,NA,1,3,"Juvenile","Juvenile","same"
6131049,NA,1,"V","O",0.04,0.021,0.048,0.035,0.525,0.729166666666667,0.204166666666667,NA,"BS","2016-07-10 00:00:00",513,5807794,1116732,10210,310,340,2,NA,1116732,"fishery",2016,8,"B","B14016A",70,NA,NA,"",NA,NA,"",8,"B",1,"","",NA,NA,NA,NA,2,17033,"Julie Pearce","","5820 H 1",NA,NA,1,7,"Juvenile","Adult","different"
6131335,"otolith broken, ventral half missing",1,"D","O",0.075,0.046,NA,NA,0.613333333333333,NA,NA,NA,"BS","2016-03-20 00:00:00",509,5770392,1025033,10210,300,300,2,NA,1025033,"fishery",2016,9,"B","B14016A",70,NA,NA,"",NA,NA,"",9,"B",1,"","",NA,NA,NA,NA,0,17033,"Julie Pearce","","5653 J 8",NA,NA,1,3,"Juvenile","Adult","different"
6131513,NA,2,"V","O",0.03,0.005,0.048,0.007,0.166666666666667,0.145833333333333,0.0208333333333333,NA,"BS","2016-11-18 00:00:00",513,5837617,1082903,10210,310,350,2,NA,1082903,"fishery",2016,12,"B","B14016A",70,NA,NA,"",NA,NA,"",12,"B",1,"","",NA,NA,NA,NA,0,17033,"Julie Pearce","","5923 G 9",NA,NA,1,11,"Adult","Adult","same"
6134383,"smidge of growth on edge near tips (T near sulcus)",2,"E","O",0.05,0.006,0.068,0.007,0.12,0.102941176470588,0.0170588235294118,NA,"BS","2016-06-22 00:00:00",509,5781090,1056645,10210,260,170,1,NA,1056645,"fishery",2016,8,"B","B14016A",70,NA,NA,"",NA,NA,"",8,"B",1,"","",NA,NA,NA,NA,0,17033,"Julie Pearce","","6048 C 7",NA,NA,1,6,"Juvenile","Adult","different"
6134786,"smidge of growth on edge near tips (T near sulcus)",1,"E","O",0.067,0.007,0.083,0.008,0.104477611940299,0.0963855421686747,0.00809206977162381,NA,"BS","2016-06-06 00:00:00",514,5779824,1015279,10210,330,440,1,NA,1015279,"fishery",2016,10,"B","B14016A",70,NA,NA,"",NA,NA,"",10,"B",1,"","",NA,NA,NA,NA,0,17033,"Julie Pearce","","5761 C 7",NA,NA,1,6,"Adult","Adult","same"
6135143,"broken; might be a smidge of growth on edge",2,"V","T",0.067,0.045,0.054,0.043,0.671641791044776,0.796296296296296,0.12465450525152,NA,"BS","2016-03-15 00:00:00",513,5775246,1099900,10210,250,180,1,NA,1099900,"fishery",2016,8,"B","B14016A",70,NA,NA,"",NA,NA,"",8,"B",1,"","",NA,NA,NA,NA,0,17033,"Julie Pearce","","5726 I 5",NA,NA,1,3,"Juvenile","Adult","different"
6137003,NA,3,"V","O",0.053,0.045,0.053,0.033,0.849056603773585,0.622641509433962,0.226415094339623,NA,"BS","2016-02-06 00:00:00",513,5768385,1096367,10210,320,380,2,NA,1096367,"fishery",2016,12,"B","B14016A",70,NA,NA,"",NA,NA,"",12,"B",2,"","",NA,NA,NA,NA,0,17033,"Julie Pearce","","5646 M 7",NA,NA,1,2,"Adult","Adult","same"
6137423,NA,2,"D","O",0.051,0.017,0.032,0.008,0.333333333333333,0.25,0.0833333333333334,NA,"BS","2016-07-23 00:00:00",513,5796128,1029585,10210,330,410,2,NA,1029585,"fishery",2016,14,"B","B14016A",70,NA,NA,"",NA,NA,"",14,"B",1,"","",NA,NA,NA,NA,0,17033,"Julie Pearce","","5782 K 3",NA,NA,1,7,"Adult","Adult","same"
6138215,"Surface not flush",1,"E","O",0.053,0.006,0.053,0.007,0.113207547169811,0.132075471698113,0.0188679245283019,NA,"BS","2016-11-14 00:00:00",513,5845896,1081453,10210,340,420,2,NA,1081453,"fishery",2016,13,"B","B14016A",70,NA,NA,"",NA,NA,"",13,"B",1,"","",NA,NA,NA,NA,3,17033,"Julie Pearce","","5905 A 4",NA,NA,1,11,"Adult","Adult","same"
6138946,NA,1,"E","O",0.063,0.026,0.064,0.025,0.412698412698413,0.390625,0.0220734126984127,NA,"BS","2016-08-10 00:00:00",514,5820653,1113260,10210,280,240,2,NA,1113260,"fishery",2016,9,"B","B14016A",70,NA,9,"B",6,NA,"",9,"B",1,"","",NA,NA,NA,NA,2,17033,"Julie Pearce","Delsa Anderl","5818 I 7",17669,NA,1,8,"Juvenile","Juvenile","same"
6139800,"difficult to interpret edge",3,"D","O",0.038,0.033,0.03,0.019,0.868421052631579,0.633333333333333,0.235087719298246,NA,"BS","2016-06-30 00:00:00",513,5815306,993846,10210,310,340,1,NA,993846,"fishery",2016,20,"B","B14016A",70,NA,NA,"",NA,NA,"",20,"B",1,"","",NA,NA,NA,NA,0,17033,"Julie Pearce","","5894 D 7",NA,NA,1,6,"Adult","Adult","same"
6142555,NA,3,"D","T",0.063,0.048,0.069,0.039,0.761904761904762,0.565217391304348,0.196687370600414,NA,"BS","2016-02-21 00:00:00",509,5762335,1094995,10210,280,260,1,NA,1094995,"fishery",2016,9,"B","B14016A",70,NA,NA,"",NA,NA,"",9,"B",1,"","",NA,NA,NA,NA,0,17033,"Julie Pearce","","5726 B 6",NA,NA,1,2,"Juvenile","Adult","different"
6143000,NA,2,"E","O",0.055,0.035,0.055,0.026,0.636363636363636,0.472727272727273,0.163636363636364,NA,"BS","2016-10-29 00:00:00",513,5837708,1125174,10210,310,240,2,NA,1125174,"fishery",2016,8,"B","B14016A",70,NA,8,"B",6,NA,"",8,"B",1,"","",NA,NA,NA,NA,2,17033,"Julie Pearce","Delsa Anderl","5923 H 7",17669,NA,1,10,"Juvenile","Adult","different"
6143505,"Surface not flush, difficult to interpret edge",3,"V","O",0.046,0.024,0.045,0.017,0.521739130434783,0.377777777777778,0.143961352657005,NA,"BS","2016-11-16 00:00:00",509,5844681,1067066,10210,310,390,2,NA,1067066,"fishery",2016,18,"B","B14016A",70,NA,16,"B",6,16,"B",16,"B",2,"","",NA,NA,NA,NA,2,17033,"Julie Pearce","Delsa Anderl","5955 I 9",17669,18075,1,11,"Adult","Adult","same"
6143506,"smidge of growth on edge near tips (T near sulcus)",1,"E","O",0.085,0.008,0.09,0.006,0.0941176470588235,0.0666666666666667,0.0274509803921569,NA,"BS","2016-06-12 00:00:00",513,5778409,1031054,10210,240,140,2,NA,1031054,"fishery",2016,7,"B","B14016A",70,NA,NA,"",NA,NA,"",7,"B",1,"","",NA,NA,NA,NA,0,17033,"Julie Pearce","","5752 L 9",NA,NA,1,6,"Juvenile","Juvenile","same"
6144191,"smidge of growth on edge near tips (T near sulcus)",2,"V","O",0.045,0.011,0.034,0.014,0.244444444444444,0.411764705882353,0.167320261437908,NA,"BS","2016-09-08 00:00:00",509,5808233,1113069,10210,280,300,2,NA,1113069,"fishery",2016,11,"B","B14016A",70,NA,NA,"",NA,NA,"",11,"B",1,"","",NA,NA,NA,NA,2,17033,"Julie Pearce","","5830 E 1",NA,NA,1,9,"Adult","Juvenile","different"
6145758,"Surface not flush",3,"V","O",0.034,0.017,0.051,0.027,0.5,0.529411764705882,0.0294117647058824,NA,"BS","2016-10-04 00:00:00",513,5826985,1123109,10210,320,370,1,NA,1123109,"fishery",2016,16,"B","B14016A",70,NA,NA,"",NA,NA,"",16,"B",1,"","",NA,NA,NA,NA,0,17033,"Julie Pearce","","5926 F 1",NA,NA,1,10,"Adult","Adult","same"
6146153,"difficult to interpret edge",2,"D","O",0.057,0.016,0.039,0.013,0.280701754385965,0.333333333333333,0.0526315789473684,NA,"BS","2016-03-19 00:00:00",509,5760474,996446,10210,220,150,2,NA,996446,"fishery",2016,8,"B","B14016A",70,NA,NA,"",NA,NA,"",8,"B",1,"","",NA,NA,NA,NA,0,17033,"Julie Pearce","","5684 H 4",NA,NA,1,3,"Juvenile","Juvenile","same"
6146322,"difficult to interpret edge",2,"D","O",0.033,0.01,0.028,0.008,0.303030303030303,0.285714285714286,0.0173160173160173,NA,"BS","2016-10-13 00:00:00",509,5825095,1083690,10210,370,600,2,NA,1083690,"fishery",2016,23,"B","B14016A",70,NA,NA,"",NA,NA,"",23,"B",2,"","",NA,NA,NA,NA,3,17033,"Julie Pearce","","6019 M 7",NA,NA,1,10,"Adult","Adult","same"
6148939,"Surface not flush",1,"V","O",0.08,0.016,0.077,0.024,0.2,0.311688311688312,0.111688311688312,NA,"BS","2016-07-31 00:00:00",513,5804475,1131095,10210,290,300,1,NA,1131095,"fishery",2016,9,"B","B14016A",70,NA,9,"B",6,NA,"",9,"B",1,"","",NA,NA,NA,NA,2,17033,"Julie Pearce","Delsa Anderl","5910 K 2",17669,NA,1,7,"Juvenile","Adult","different"
6149873,NA,2,"V","O",0.031,0.01,0.036,0.01,0.32258064516129,0.277777777777778,0.0448028673835125,NA,"BS","2016-10-23 00:00:00",513,5827066,1123131,10210,340,410,1,NA,1123131,"fishery",2016,14,"B","B14016A",70,NA,NA,"",NA,NA,"",14,"B",1,"","",NA,NA,NA,NA,2,17033,"Julie Pearce","","5904 M 9",NA,NA,1,10,"Adult","Adult","same"
6150102,NA,3,"V","O",0.075,0.017,0.089,0.023,0.226666666666667,0.258426966292135,0.0317602996254682,NA,"BS","2016-02-09 00:00:00",513,5768361,1025182,10210,360,560,2,NA,1025182,"fishery",2016,14,"B","B14016A",70,NA,NA,"",NA,NA,"",14,"B",2,"","",NA,NA,NA,NA,0,17033,"Julie Pearce","","5646 K 8",NA,NA,1,2,"Adult","Adult","same"
6150462,"might be translucent starting on edge? hard to tell",2,"D","T",0.067,0.067,0.073,0.062,1,0.849315068493151,0.150684931506849,NA,"BS","2016-10-06 00:00:00",513,5840487,1115834,10210,300,300,2,NA,1115834,"fishery",2016,8,"B","B14016A",70,NA,NA,"",NA,NA,"",8,"B",1,"","",NA,NA,NA,NA,3,17033,"Julie Pearce","","5933 F 9",NA,NA,1,10,"Juvenile","Adult","different"
6151108,"difficult to interpret edge; very checky; can't confidentally measure ventral side",3,"D","O",0.079,0.035,NA,NA,0.443037974683544,NA,NA,NA,"BS","2016-08-16 00:00:00",513,5824910,1074018,10210,340,460,2,NA,1074018,"fishery",2016,14,"B","B14016A",70,NA,NA,"",NA,NA,"",14,"B",1,"","",NA,NA,NA,NA,0,17033,"Julie Pearce","","6020 G 5",NA,NA,1,8,"Adult","Adult","same"
6151349,NA,2,"V","O",0.086,0.021,0.074,0.016,0.244186046511628,0.216216216216216,0.0279698302954117,NA,"BS","2016-08-29 00:00:00",514,5808191,1106190,10210,280,260,1,NA,1106190,"fishery",2016,8,"B","B14016A",70,NA,NA,"",NA,NA,"",8,"B",1,"","",NA,NA,NA,NA,2,17033,"Julie Pearce","","5830 H 5",NA,NA,1,8,"Juvenile","Adult","different"
6151815,NA,1,"E","O",0.064,0.015,0.05,0.015,0.234375,0.3,0.065625,NA,"BS","2016-06-25 00:00:00",509,5781135,943151,10210,260,160,1,NA,943151,"fishery",2016,7,"B","B14016A",70,NA,NA,"",NA,NA,"",7,"B",1,"","",NA,NA,NA,NA,0,17033,"Julie Pearce","","6048 D 4",NA,NA,1,6,"Juvenile","Adult","different"
6152911,NA,2,"E","O",0.028,0.008,0.041,0.005,0.285714285714286,0.121951219512195,0.163763066202091,NA,"BS","2016-02-12 00:00:00",516,5761203,1028946,10210,390,660,2,NA,1028946,"fishery",2016,19,"B","B14016A",70,NA,NA,"",NA,NA,"",19,"B",1,"","",NA,NA,NA,NA,0,17033,"Julie Pearce","","5654 N 6",NA,NA,1,2,"Adult","Adult","same"
6153854,"difficult to interpret edge",3,"E","O",0.072,0.008,0.089,0.011,0.111111111111111,0.123595505617978,0.0124843945068664,NA,"BS","2016-08-06 00:00:00",513,5801124,1111887,10210,250,180,2,NA,1111887,"fishery",2016,8,"B","B14016A",70,NA,NA,"",NA,NA,"",8,"B",1,"","",NA,NA,NA,NA,2,17033,"Julie Pearce","","5830 A 5",NA,NA,1,8,"Juvenile","Juvenile","same"
6154501,NA,2,"D","O",0.054,0.008,0.039,0.009,0.148148148148148,0.230769230769231,0.0826210826210826,NA,"BS","2016-03-02 00:00:00",516,5761602,1002499,10210,320,360,1,NA,1002499,"fishery",2016,9,"B","B14016A",70,NA,NA,"",NA,NA,"",9,"B",1,"","",NA,NA,NA,NA,0,17033,"Julie Pearce","","5682 B 2",NA,NA,1,3,"Juvenile","Adult","different"
6155077,"might be translucent starting on edge? hard to tell",3,"V","T",0.099,0.071,0.108,0.082,0.717171717171717,0.759259259259259,0.0420875420875422,NA,"BS","2016-05-09 00:00:00",514,5775986,925391,10210,260,200,1,NA,925391,"fishery",2016,9,"B","B14016A",70,NA,NA,"",NA,NA,"",9,"B",1,"","",NA,NA,NA,NA,0,17033,"Julie Pearce","","5772 G 4",NA,NA,1,5,"Juvenile","Adult","different"
6157394,"might be translucent starting on edge? hard to tell",2,"V","O",0.029,0.028,0.035,0.034,0.96551724137931,0.971428571428571,0.00591133004926114,NA,"BS","2016-11-29 00:00:00",513,5844481,1088066,10210,320,360,1,NA,1088066,"fishery",2016,18,"B","B14016A",70,NA,NA,"",NA,NA,"",18,"B",1,"","",NA,NA,NA,NA,5,17033,"Julie Pearce","","6021 D 4",NA,NA,1,11,"Adult","Adult","same"
6158295,"broken",2,"D","O",0.042,0.026,0.038,0.023,0.619047619047619,0.605263157894737,0.0137844611528821,NA,"BS","2016-09-06 00:00:00",509,5824150,1023355,10210,340,480,2,NA,1023355,"fishery",2016,18,"B","B14016A",70,NA,17,"B",6,17,"B",17,"B",2,"","",NA,NA,NA,NA,5,17033,"Julie Pearce","Delsa Anderl","5877 K 7",17669,18075,1,9,"Adult","Adult","same"
6158604,NA,1,"E","O",0.125,0.073,0.124,0.094,0.584,0.758064516129032,0.174064516129032,NA,"BS","2016-03-28 00:00:00",509,5761055,1088661,10210,250,140,2,NA,1088661,"fishery",2016,7,"B","B14016A",70,NA,NA,"",NA,NA,"",7,"B",1,"","",NA,NA,NA,NA,0,17033,"Julie Pearce","","5654 L 9",NA,NA,1,3,"Juvenile","Juvenile","same"
6160006,"smidge of growth on edge near tips (T near sulcus)",2,"V","O",0.05,0.006,0.039,0.007,0.12,0.179487179487179,0.0594871794871795,NA,"BS","2016-03-15 00:00:00",509,5762307,1099300,10210,320,410,1,NA,1099300,"fishery",2016,10,"B","B14016A",70,NA,NA,"",NA,NA,"",10,"B",1,"","",NA,NA,NA,NA,0,17033,"Julie Pearce","","5726 A 1",NA,NA,1,3,"Adult","Adult","same"
6161690,"vague on ventral side",2,"D","O",0.059,0.035,0.035,0.018,0.593220338983051,0.514285714285714,0.0789346246973367,NA,"BS","2016-09-25 00:00:00",513,5833687,1082442,10210,340,400,1,NA,1082442,"fishery",2016,12,"B","B14016A",70,NA,NA,"",NA,NA,"",12,"B",1,"","",NA,NA,NA,NA,2,17033,"Julie Pearce","","5868 M 5",NA,NA,1,9,"Adult","Adult","same"
6161726,NA,2,"D","O",0.078,0.052,0.071,0.038,0.666666666666667,0.535211267605634,0.131455399061033,NA,"BS","2016-09-29 00:00:00",514,5840204,1078582,10210,300,280,2,NA,1078582,"fishery",2016,8,"B","B14016A",70,NA,NA,"",NA,NA,"",8,"B",1,"","",NA,NA,NA,NA,2,17033,"Julie Pearce","","5905 I 4",NA,NA,1,9,"Juvenile","Adult","different"
6162188,"smidge of growth on edge near tips (T near sulcus)",2,"D","O",0.04,0.005,0.028,0.005,0.125,0.178571428571429,0.0535714285714286,NA,"BS","2016-07-05 00:00:00",513,5809488,1122660,10210,350,480,1,NA,1122660,"fishery",2016,15,"B","B14016A",70,NA,NA,"",NA,NA,"",15,"B",1,"","",NA,NA,NA,NA,0,17033,"Julie Pearce","","5894 G 4",NA,NA,1,7,"Adult","Adult","same"
6163023,"might be translucent starting on edge? hard to tell",2,"D","O",0.038,0.031,0.037,0.03,0.815789473684211,0.810810810810811,0.00497866287339965,NA,"BS","2016-10-15 00:00:00",513,5824215,1119532,10210,300,280,1,NA,1119532,"fishery",2016,11,"B","B14016A",70,NA,11,"B",6,NA,"",11,"B",1,"","",NA,NA,NA,NA,2,17033,"Julie Pearce","Delsa Anderl","5877 E 7",17669,NA,1,10,"Adult","Adult","same"
6163373,NA,2,"V","O",0.051,0.032,0.047,0.029,0.627450980392157,0.617021276595745,0.0104297037964123,NA,"BS","2016-04-08 00:00:00",509,5770598,1088456,10210,310,370,2,NA,1088456,"fishery",2016,13,"B","B14016A",70,NA,NA,"",NA,NA,"",13,"B",1,"","",NA,NA,NA,NA,0,17033,"Julie Pearce","","5702 I 1",NA,NA,1,4,"Adult","Adult","same"
6163465,NA,2,"D","O",0.047,0.034,0.044,0.025,0.723404255319149,0.568181818181818,0.155222437137331,NA,"BS","2016-01-24 00:00:00",516,5770652,1101835,10210,330,400,2,NA,1101835,"fishery",2016,11,"B","B14016A",70,NA,NA,"",NA,NA,"",11,"B",1,"","",NA,NA,NA,NA,5,17033,"Julie Pearce","","5702 J 0",NA,NA,1,1,"Adult","Adult","same"
6164518,NA,2,"V","O",0.06,0.034,0.061,0.036,0.566666666666667,0.590163934426229,0.0234972677595627,NA,"BS","2016-08-26 00:00:00",509,5824076,1081209,10210,310,360,2,NA,1081209,"fishery",2016,9,"B","B14016A",70,NA,NA,"",NA,NA,"",9,"B",1,"","",NA,NA,NA,NA,2,17033,"Julie Pearce","","5888 F 8",NA,NA,1,8,"Juvenile","Adult","different"
6168032,NA,2,"V","O",0.1,0.057,0.096,0.056,0.57,0.583333333333333,0.0133333333333334,NA,"BS","2016-10-09 00:00:00",514,5840437,1125063,10210,280,240,1,NA,1125063,"fishery",2016,8,"B","B14016A",70,NA,NA,"",NA,NA,"",8,"B",1,"","",NA,NA,NA,NA,0,17033,"Julie Pearce","","5933 B 4",NA,NA,1,10,"Juvenile","Adult","different"
6168276,"broken; might be translucent starting on edge? hard to tell",2,"D","O",0.078,0.058,0.063,0.045,0.743589743589744,0.714285714285714,0.0293040293040293,NA,"BS","2016-02-18 00:00:00",509,5772604,1092791,10210,250,140,2,NA,1092791,"fishery",2016,9,"B","B14016A",70,NA,9,"B",6,NA,"",9,"B",1,"","",NA,NA,NA,NA,0,17033,"Julie Pearce","Delsa Anderl","5701 N 9",17669,NA,1,2,"Juvenile","Juvenile","same"
6171541,"clear near ventral sulcus",2,"D","O",0.058,0.044,0.051,0.03,0.758620689655172,0.588235294117647,0.170385395537525,NA,"BS","2016-01-28 00:00:00",513,5760803,1099483,10210,360,690,2,NA,1099483,"fishery",2016,28,"B","B14016A",70,NA,NA,"",NA,NA,"",28,"B",1,"","",NA,NA,NA,NA,0,17033,"Julie Pearce","","5684 D 2",NA,NA,1,1,"Adult","Adult","same"
6172626,"difficult to interpret edge, looks translucent",2,"D","T",0.027,0.021,0.049,0.034,0.777777777777778,0.693877551020408,0.0839002267573696,NA,"BS","2016-11-15 00:00:00",513,5844647,1067004,10210,360,540,2,NA,1067004,"fishery",2016,27,"B","B14016A",70,NA,NA,"",NA,NA,"",27,"B",2,"","",NA,NA,NA,NA,0,17033,"Julie Pearce","","5955 D 7",NA,NA,1,11,"Adult","Adult","same"
6173646,NA,2,"V","O",0.044,0.04,0.051,0.049,0.909090909090909,0.96078431372549,0.0516934046345812,NA,"BS","2016-01-23 00:00:00",516,5761616,1093367,10210,330,440,2,NA,1093367,"fishery",2016,34,"B","B14016A",70,NA,NA,"",NA,NA,"",34,"B",2,"","",NA,NA,NA,NA,4,17033,"Julie Pearce","","5654 N 9",NA,NA,1,1,"Adult","Adult","same"
6174181,"Surface not flush",2,"E","O",0.037,0.005,0.035,0.008,0.135135135135135,0.228571428571429,0.0934362934362934,NA,"BS","2016-03-11 00:00:00",513,5772681,1101230,10210,340,420,2,NA,1101230,"fishery",2016,22,"B","B14016A",70,NA,NA,"",NA,NA,"",22,"B",1,"","",NA,NA,NA,NA,0,17033,"Julie Pearce","","5701 M 0",NA,NA,1,3,"Adult","Adult","same"
6175606,"can't measure ventral side",2,"D","O",0.056,0.019,NA,NA,0.339285714285714,NA,NA,NA,"BS","2016-08-22 00:00:00",513,5797104,1107679,10210,270,200,1,NA,1107679,"fishery",2016,8,"B","B14016A",70,NA,NA,"",NA,NA,"",8,"B",1,"","",NA,NA,NA,NA,0,17033,"Julie Pearce","","5911 K 2",NA,NA,1,8,"Juvenile","Adult","different"
6176238,"checky?",2,"E","O",0.049,0.021,0.059,0.038,0.428571428571429,0.64406779661017,0.215496368038741,NA,"BS","2016-04-20 00:00:00",514,5781446,820178,10210,300,330,1,NA,820178,"fishery",2016,12,"B","B14016A",70,NA,NA,"",NA,NA,"",12,"B",2,"","",NA,NA,NA,NA,5,17033,"Julie Pearce","","6003 L 2",NA,NA,1,4,"Adult","Adult","same"
6177328,"smidge of growth on edge near tips (T near sulcus)",2,"E","O",0.087,0.012,0.09,0.006,0.137931034482759,0.0666666666666667,0.071264367816092,NA,"BS","2016-05-29 00:00:00",509,5780499,1088855,10210,240,160,2,NA,1088855,"fishery",2016,8,"B","B14016A",70,NA,NA,"",NA,NA,"",8,"B",1,"","",NA,NA,NA,NA,0,17033,"Julie Pearce","","5759 I 9",NA,NA,1,5,"Juvenile","Juvenile","same"
6178028,NA,1,"E","O",0.074,0.019,0.07,0.017,0.256756756756757,0.242857142857143,0.0138996138996139,NA,"BS","2016-06-27 00:00:00",513,5807739,1098324,10210,310,390,2,NA,1098324,"fishery",2016,10,"B","B14016A",70,NA,NA,"",NA,NA,"",10,"B",1,"","",NA,NA,NA,NA,0,17033,"Julie Pearce","","5820 D 7",NA,NA,1,6,"Adult","Adult","same"
6179387,"might be translucent starting on edge? hard to tell",1,"E","O",0.043,0.039,0.044,0.031,0.906976744186047,0.704545454545455,0.202431289640592,NA,"BS","2016-12-03 00:00:00",509,5839694,982714,10210,310,340,1,NA,982714,"fishery",2016,16,"B","B14016A",70,NA,NA,"",NA,NA,"",16,"B",1,"","",NA,NA,NA,NA,0,17033,"Julie Pearce","","5973 K 2",NA,NA,1,12,"Adult","Adult","same"
6179915,"checky; can't measure dorsal side confidently",2,"V","O",NA,NA,0.055,0.024,NA,0.436363636363636,NA,NA,"BS","2016-08-14 00:00:00",509,5817598,1102387,10210,370,490,2,NA,1102387,"fishery",2016,22,"B","B14016A",70,NA,NA,"",NA,NA,"",22,"B",1,"","",NA,NA,NA,NA,5,17033,"Julie Pearce","","5868 D 1",NA,NA,1,8,"Adult","Adult","same"
6180109,"Crystallized at edge; can't measure dorsal side",2,"V","O",NA,NA,0.051,0.031,NA,0.607843137254902,NA,NA,"BS","2016-02-02 00:00:00",513,5772685,1092732,10210,350,460,2,NA,1092732,"fishery",2016,20,"B","B14016A",70,NA,20,"B",6,NA,"",20,"B",1,"","",NA,NA,NA,NA,5,17033,"Julie Pearce","Delsa Anderl","5702 F 3",17669,NA,1,2,"Adult","Adult","same"
6181492,NA,2,"E","O",0.044,0.017,0.057,0.019,0.386363636363636,0.333333333333333,0.0530303030303031,NA,"BS","2016-08-24 00:00:00",513,5822905,978852,10210,330,370,2,NA,978852,"fishery",2016,18,"B","B14016A",70,NA,NA,"",NA,NA,"",18,"B",1,"","",NA,NA,NA,NA,0,17033,"Julie Pearce","","5938 M 0",NA,NA,1,8,"Adult","Adult","same"
6184033,"smidge of growth on edge near tips (T near sulcus)",2,"V","O",0.04,0.012,0.038,0.009,0.3,0.236842105263158,0.0631578947368421,NA,"BS","2016-07-21 00:00:00",513,5806994,1059584,10210,340,520,2,NA,1059584,"fishery",2016,16,"B","B14016A",70,NA,15,"B",6,15,"B",15,"B",2,"","",NA,NA,NA,NA,2,17033,"Julie Pearce","Delsa Anderl","6019 C 1",17669,18075,1,7,"Adult","Adult","same"
6184619,"smidge of growth on edge near tips (T near sulcus)",2,"D","O",0.055,0.005,0.035,0.007,0.0909090909090909,0.2,0.109090909090909,NA,"BS","2016-07-12 00:00:00",513,5796712,991190,10210,340,460,2,NA,991190,"fishery",2016,13,"B","B14016A",70,NA,13,"B",6,NA,"",13,"B",1,"","",NA,NA,NA,NA,2,17033,"Julie Pearce","Delsa Anderl","5825 L 3",17669,NA,1,7,"Adult","Adult","same"
6185094,NA,1,"E","O",0.109,0.035,0.113,0.035,0.321100917431193,0.309734513274336,0.0113664041568564,NA,"BS","2016-10-19 00:00:00",513,5827051,1123178,10210,260,160,1,NA,1123178,"fishery",2016,7,"B","B14016A",70,NA,7,"B",6,NA,"",7,"B",1,"","",NA,NA,NA,NA,3,17033,"Julie Pearce","Delsa Anderl","5926 D 9",17669,NA,1,10,"Juvenile","Adult","different"
6185288,"might be translucent starting on edge? hard to tell",2,"D","T",0.036,0.031,0.024,0.02,0.861111111111111,0.833333333333333,0.0277777777777778,NA,"BS","2016-02-18 00:00:00",516,5767146,994806,10210,320,310,1,NA,994806,"fishery",2016,14,"B","B14016A",70,NA,NA,"",NA,NA,"",14,"B",2,"","",NA,NA,NA,NA,0,17033,"Julie Pearce","","5701 D 2",NA,NA,1,2,"Adult","Adult","same"
6185451,"ventral side too vague to measure",2,"D","O",0.07,0.046,NA,NA,0.657142857142857,NA,NA,NA,"BS","2016-11-06 00:00:00",509,5827596,1076917,10210,320,360,2,NA,1076917,"fishery",2016,10,"B","B14016A",70,NA,10,"B",6,NA,"",10,"B",1,"","",NA,NA,NA,NA,2,17033,"Julie Pearce","Delsa Anderl","5895 L 1",17669,NA,1,11,"Adult","Adult","same"
6185687,NA,2,"V","O",0.059,0.028,0.098,0.035,0.474576271186441,0.357142857142857,0.117433414043584,NA,"BS","2016-09-14 00:00:00",514,5835918,1069890,10210,290,280,2,NA,1069890,"fishery",2016,8,"B","B14016A",70,NA,NA,"",NA,NA,"",8,"B",1,"","",NA,NA,NA,NA,2,17033,"Julie Pearce","","5927 A 6",NA,NA,1,9,"Juvenile","Juvenile","same"
6185796,NA,2,"V","O",0.051,0.017,0.046,0.018,0.333333333333333,0.391304347826087,0.0579710144927535,NA,"BS","2016-08-17 00:00:00",513,5820698,1021037,10210,320,340,2,NA,1021037,"fishery",2016,11,"B","B14016A",70,NA,NA,"",NA,NA,"",11,"B",1,"","",NA,NA,NA,NA,2,17033,"Julie Pearce","","5841 C 2",NA,NA,1,8,"Adult","Adult","same"
6187891,"checky",2,"D","O",0.069,0.018,0.062,0.016,0.260869565217391,0.258064516129032,0.00280504908835899,NA,"BS","2016-08-08 00:00:00",513,5796213,1109632,10210,310,320,2,NA,1109632,"fishery",2016,9,"B","B14016A",70,NA,NA,"",NA,NA,"",9,"B",1,"","",NA,NA,NA,NA,0,17033,"Julie Pearce","","5782 H 6",NA,NA,1,8,"Juvenile","Adult","different"
6188329,"might be translucent starting on edge? hard to tell",3,"D","T",0.051,0.043,0.041,0.032,0.843137254901961,0.780487804878049,0.062649450023912,NA,"BS","2016-02-03 00:00:00",513,5759542,1096570,10210,320,360,2,NA,1096570,"fishery",2016,11,"B","B14016A",70,NA,NA,"",NA,NA,"",11,"B",1,"","",NA,NA,NA,NA,0,17033,"Julie Pearce","","5640 J 8",NA,NA,1,2,"Adult","Adult","same"
6189490,NA,1,"E","T",0.036,0.031,0.031,0.025,0.861111111111111,0.806451612903226,0.0546594982078853,NA,"BS","2016-01-24 00:00:00",509,5768176,1101069,10210,350,500,2,NA,1101069,"fishery",2016,17,"B","B14016A",70,NA,NA,"",NA,NA,"",17,"B",1,"","",NA,NA,NA,NA,0,17033,"Julie Pearce","","5698 I 0",NA,NA,1,1,"Adult","Adult","same"
6189544,"might be translucent starting on edge? hard to tell",2,"E","O",0.087,0.063,0.106,0.05,0.724137931034483,0.471698113207547,0.252439817826936,NA,"BS","2016-04-12 00:00:00",514,5777565,888167,10210,240,140,1,NA,888167,"fishery",2016,7,"B","B14016A",70,NA,7,"B",6,NA,"",7,"B",1,"","",NA,NA,NA,NA,5,17033,"Julie Pearce","Delsa Anderl","5947 M 6",17669,NA,1,4,"Juvenile","Adult","different"
6190382,NA,1,"D","O",0.102,0.048,0.106,0.051,0.470588235294118,0.481132075471698,0.0105438401775804,NA,"BS","2016-04-24 00:00:00",514,5778261,1098985,10210,240,120,1,NA,1098985,"fishery",2016,7,"B","B14016A",70,NA,NA,"",NA,NA,"",7,"B",1,"","",NA,NA,NA,NA,5,17033,"Julie Pearce","","5752 J 1",NA,NA,1,4,"Juvenile","Adult","different"
6191644,"might be translucent starting on edge? hard to tell",3,"D","T",0.042,0.042,0.024,0.023,1,0.958333333333333,0.0416666666666667,NA,"BS","2016-07-11 00:00:00",514,5806946,1059520,10210,330,450,1,NA,1059520,"fishery",2016,20,"B","B14016A",70,NA,NA,"",NA,NA,"",20,"B",2,"","",NA,NA,NA,NA,0,17033,"Julie Pearce","","6019 G 7",NA,NA,1,7,"Adult","Adult","same"
6192981,"smidge of growth on edge near tips (T near sulcus)",2,"V","O",0.071,0.01,0.089,0.016,0.140845070422535,0.179775280898876,0.0389302104763412,NA,"BS","2016-06-28 00:00:00",509,5781076,1115211,10210,280,260,2,NA,1115211,"fishery",2016,8,"B","B14016A",70,NA,8,"B",6,NA,"",8,"B",1,"","",NA,NA,NA,NA,2,17033,"Julie Pearce","Delsa Anderl","6048 F 2",17669,NA,1,6,"Juvenile","Juvenile","same"
6193038,"might be translucent starting on edge? hard to tell",2,"V","T",0.089,0.064,0.117,0.109,0.719101123595506,0.931623931623932,0.212522808028426,NA,"BS","2016-04-07 00:00:00",514,5775143,1087378,10210,290,270,2,NA,1087378,"fishery",2016,7,"B","B14016A",70,NA,7,"B",6,NA,"",7,"B",1,"","",NA,NA,NA,NA,0,17033,"Julie Pearce","Delsa Anderl","5725 C 9",17669,NA,1,4,"Juvenile","Juvenile","same"
6193289,"broken; dorsal side(?) missing; very difficult to measure",3,"V","O",NA,NA,0.08,0.057,NA,0.7125,NA,NA,"BS","2016-01-29 00:00:00",513,5766756,1100783,10210,290,280,1,NA,1100783,"fishery",2016,8,"B","B14016A",70,NA,NA,"",NA,NA,"",8,"B",1,"","",NA,NA,NA,NA,0,17033,"Julie Pearce","","5653 I 3",NA,NA,1,1,"Juvenile","Adult","different"
6193313,"smidge of growth on edge near tips (T near sulcus)",1,"E","O",0.05,0.014,0.051,0.011,0.28,0.215686274509804,0.064313725490196,NA,"BS","2016-03-09 00:00:00",513,5761657,1002475,10210,320,380,2,NA,1002475,"fishery",2016,9,"B","B14016A",70,NA,NA,"",NA,NA,"",9,"B",1,"","",NA,NA,NA,NA,0,17033,"Julie Pearce","","5682 I 8",NA,NA,1,3,"Juvenile","Adult","different"
6197612,"smidge of growth on edge near tips (T near sulcus)",2,"D","O",0.089,0.009,0.057,0.003,0.101123595505618,0.0526315789473684,0.0484920165582496,NA,"BS","2016-05-17 00:00:00",514,5787471,1125575,10210,220,120,1,NA,1125575,"fishery",2016,7,"B","B14016A",70,NA,NA,"",NA,NA,"",7,"B",1,"","",NA,NA,NA,NA,0,17033,"Julie Pearce","","5804 B 6",NA,NA,1,5,"Juvenile","Adult","different"
6201117,"might be translucent starting on edge? hard to tell",2,"E","O",0.077,0.041,0.108,0.056,0.532467532467533,0.518518518518518,0.013949013949014,NA,"BS","2016-03-11 00:00:00",513,5762252,1092204,10210,280,280,1,NA,1092204,"fishery",2016,8,"B","B14016A",70,NA,NA,"",NA,NA,"",8,"B",1,"","",NA,NA,NA,NA,0,17033,"Julie Pearce","","5725 K 7",NA,NA,1,3,"Juvenile","Adult","different"
6201185,"smidge of growth on edge near tips (T near sulcus)",2,"E","O",0.091,0.017,0.086,0.018,0.186813186813187,0.209302325581395,0.0224891387682085,NA,"BS","2016-07-08 00:00:00",513,5807759,1116706,10210,320,370,2,NA,1116706,"fishery",2016,9,"B","B14016A",70,NA,NA,"",NA,NA,"",9,"B",1,"","",NA,NA,NA,NA,0,17033,"Julie Pearce","","5820 J 7",NA,NA,1,7,"Juvenile","Adult","different"
6202815,"Surface not flush; might be translucent starting on edge? hard to tell; can't measure ventral side confidently",2,"D","T",0.044,0.037,NA,NA,0.840909090909091,NA,NA,NA,"BS","2016-12-08 00:00:00",509,5839724,982772,10210,320,360,1,NA,982772,"fishery",2016,17,"B","B14016A",70,NA,NA,"",NA,NA,"",17,"B",1,"","",NA,NA,NA,NA,0,17033,"Julie Pearce","","5973 F 8",NA,NA,1,12,"Adult","Adult","same"
6203660,"smidge of growth on edge near tips (T near sulcus)",2,"E","O",0.031,0.006,0.033,0.008,0.193548387096774,0.242424242424242,0.0488758553274682,NA,"BS","2016-06-08 00:00:00",514,5795973,1125302,10210,310,300,1,NA,1125302,"fishery",2016,13,"B","B14016A",70,NA,NA,"",NA,NA,"",13,"B",1,"","",NA,NA,NA,NA,5,17033,"Julie Pearce","","5782 J 0",NA,NA,1,6,"Adult","Adult","same"
6203918,"smidge of growth on edge near tips (T near sulcus)",2,"D","O",0.055,0.01,0.041,0.01,0.181818181818182,0.24390243902439,0.0620842572062084,NA,"BS","2016-08-24 00:00:00",513,5824936,1112923,10210,270,200,2,NA,1112923,"fishery",2016,9,"B","B14016A",70,NA,NA,"",NA,NA,"",9,"B",1,"","",NA,NA,NA,NA,0,17033,"Julie Pearce","","6020 G 3",NA,NA,1,8,"Juvenile","Juvenile","same"
6204402,"very difficult pattern",3,"D","O",0.064,0.028,0.037,0.014,0.4375,0.378378378378378,0.0591216216216216,NA,"BS","2016-09-04 00:00:00",513,5815282,1074186,10210,330,400,2,NA,1074186,"fishery",2016,13,"B","B14016A",70,NA,NA,"",NA,NA,"",13,"B",1,"","",NA,NA,NA,NA,0,17033,"Julie Pearce","","5888 N 1",NA,NA,1,9,"Adult","Adult","same"
6208029,"smidge of growth on edge near tips (T near sulcus)",2,"D","O",0.069,0.01,0.047,0.011,0.144927536231884,0.234042553191489,0.0891150169596053,NA,"BS","2016-04-04 00:00:00",514,5778273,996487,10210,270,230,1,NA,996487,"fishery",2016,9,"B","B14016A",70,NA,9,"B",6,NA,"",9,"B",1,"","",NA,NA,NA,NA,0,17033,"Julie Pearce","Delsa Anderl","5753 B 0",17669,NA,1,4,"Juvenile","Adult","different"
6208973,"can't measure ventral side",3,"D","O",0.046,0.019,NA,NA,0.41304347826087,NA,NA,NA,"BS","2016-07-02 00:00:00",513,5809496,1122700,10210,370,550,2,NA,1122700,"fishery",2016,19,"B","B14016A",70,NA,NA,"",NA,NA,"",19,"B",1,"","",NA,NA,NA,NA,0,17033,"Julie Pearce","","5894 G 2",NA,NA,1,7,"Adult","Adult","same"
6210114,NA,2,"E","O",0.04,0.016,0.034,0.016,0.4,0.470588235294118,0.0705882352941176,NA,"BS","2016-08-13 00:00:00",514,5817284,1109236,10210,370,600,1,NA,1109236,"fishery",2016,29,"B","B14016A",70,NA,NA,"",NA,NA,"",29,"B",2,"","",NA,NA,NA,NA,2,17033,"Julie Pearce","","5919 J 1",NA,NA,1,8,"Adult","Adult","same"
6210115,"shadow on edge",2,"D","O",0.081,0.058,0.072,0.036,0.716049382716049,0.5,0.216049382716049,"YES-changed","BS","2016-09-08 00:00:00",514,5817276,1109266,10210,270,180,1,NA,1109266,"fishery",2016,10,"B","B14016A",70,NA,NA,"",NA,NA,"",10,"B",1,"","",NA,NA,NA,NA,0,17033,"Julie Pearce","","5919 N 0",NA,NA,1,9,"Adult","Adult","same"
6210560,"smidge of growth on edge near tips (T near sulcus)",3,"V","O",0.025,0.006,0.043,0.008,0.24,0.186046511627907,0.053953488372093,NA,"BS","2016-06-21 00:00:00",509,5781134,1059839,10210,350,410,1,NA,1059839,"fishery",2016,27,"B","B14016A",70,NA,NA,"",NA,NA,"",27,"B",1,"","",NA,NA,NA,NA,0,17033,"Julie Pearce","","6048 G 9",NA,NA,1,6,"Adult","Adult","same"
6210879,NA,2,"D","O",0.042,0.024,0.034,0.015,0.571428571428571,0.441176470588235,0.130252100840336,NA,"BS","2016-08-22 00:00:00",513,5797107,1107640,10210,350,460,2,NA,1107640,"fishery",2016,13,"B","B14016A",70,NA,NA,"",NA,NA,"",13,"B",1,"","",NA,NA,NA,NA,2,17033,"Julie Pearce","","5911 M 8",NA,NA,1,8,"Adult","Adult","same"
6213220,NA,1,"E","O",0.078,0.026,0.074,0.035,0.333333333333333,0.472972972972973,0.13963963963964,NA,"BS","2016-11-01 00:00:00",513,5837675,1068948,10210,270,220,2,NA,1068948,"fishery",2016,9,"B","B14016A",70,NA,NA,"",NA,NA,"",9,"B",1,"","",NA,NA,NA,NA,0,17033,"Julie Pearce","","5923 B 3",NA,NA,1,11,"Juvenile","Juvenile","same"
6216104,"smidge of growth on edge near tips (T near sulcus)",2,"D","O",0.069,0.012,0.069,0.01,0.173913043478261,0.144927536231884,0.0289855072463768,NA,"BS","2016-06-03 00:00:00",513,5778973,1092802,10210,300,310,2,NA,1092802,"fishery",2016,9,"B","B14016A",70,NA,NA,"",NA,NA,"",9,"B",1,"","",NA,NA,NA,NA,0,17033,"Julie Pearce","","5978 I 1",NA,NA,1,6,"Juvenile","Adult","different"
6216105,NA,2,"E","O",0.036,0.021,0.034,0.022,0.583333333333333,0.647058823529412,0.0637254901960783,NA,"BS","2016-06-10 00:00:00",513,5778994,1043263,10210,320,380,1,NA,1043263,"fishery",2016,15,"B","B14016A",70,NA,NA,"",NA,NA,"",15,"B",1,"","",NA,NA,NA,NA,5,17033,"Julie Pearce","","5978 I 6",NA,NA,1,6,"Adult","Adult","same"
6332495,NA,2,"D","O",0.062,0.021,0.073,0.032,0.338709677419355,0.438356164383562,0.0996464869642068,NA,"BS","2016-07-01 11:21:00",0,5939911,266,10210,260,238,2,1,0,"survey",2016,8,"B","1.62E+11",70,NA,NA,"",NA,NA,"",8,"B",1,"","",NA,NA,NA,NA,5,17264,"Julie Pearce","","",NA,NA,1,7,"Juvenile","Juvenile","same"
6332503,NA,2,"E","O",0.063,0.034,0.08,0.026,0.53968253968254,0.325,0.21468253968254,NA,"BS","2016-07-01 11:21:00",0,5939919,274,10210,280,300,2,1,0,"survey",2016,8,"B","1.62E+11",70,NA,8,"B",6,NA,"",8,"B",1,"","",NA,NA,NA,NA,5,17264,"Julie Pearce","Delsa Anderl","",17498,NA,1,7,"Juvenile","Juvenile","same"
6332561,"smidge of growth on edge near tips (T near sulcus)",2,"E","O",0.086,0.01,0.101,0.007,0.116279069767442,0.0693069306930693,0.0469721390743726,NA,"BS","2016-07-02 07:01:00",0,5939977,306,10210,280,278,2,1,0,"survey",2016,8,"B","1.62E+11",70,NA,8,"B",6,NA,"",8,"B",1,"","",NA,NA,NA,NA,0,17264,"Julie Pearce","Delsa Anderl","",17498,NA,1,7,"Juvenile","Juvenile","same"
6332626,"smidge of growth on edge near tips (T near sulcus)",1,"E","O",0.072,0.011,0.082,0.015,0.152777777777778,0.182926829268293,0.0301490514905149,NA,"BS","2016-07-02 14:35:00",0,5940042,309,10210,240,170,1,1,0,"survey",2016,7,"B","1.62E+11",70,NA,NA,"",NA,NA,"",7,"B",1,"","",NA,NA,NA,NA,2,17264,"Julie Pearce","","",NA,NA,1,7,"Juvenile","Adult","different"
6332678,NA,2,"D","O",0.046,0.009,0.061,0.011,0.195652173913043,0.180327868852459,0.0153243050605844,NA,"BS","2016-07-03 09:23:00",0,5940094,342,10210,190,80,2,1,0,"survey",2016,6,"B","1.62E+11",70,NA,NA,"",NA,NA,"",6,"B",1,"","",NA,NA,NA,NA,2,17264,"Julie Pearce","","",NA,NA,1,7,"Juvenile","Juvenile","same"
6332679,NA,2,"E","O",0.073,0.019,0.072,0.013,0.26027397260274,0.180555555555556,0.0797184170471842,NA,"BS","2016-07-03 09:23:00",0,5940095,343,10210,200,104,2,1,0,"survey",2016,7,"B","1.62E+11",70,NA,NA,"",NA,NA,"",7,"B",1,"","",NA,NA,NA,NA,0,17264,"Julie Pearce","","",NA,NA,1,7,"Juvenile","Juvenile","same"
